a_sub,b_sub,together_orders
Avery Arch Ring Binders,Avery Durable Slant Ring Binders With Label Holder,2
Acco Side-Punched Conventional Columnar Pads,Avery Fluorescent Highlighter Four-Color Set,2
Anker Astro Mini 3000mAh Ultra-Compact Portable Charger,Bretford CR8500 Series Meeting Room Furniture,2
Acco Perma 4000 Stacking Storage Drawers,Canon imageCLASS 2200 Advanced Copier,2
Avery 485,DMI Eclipse Executive Suite Bookcases,2
Acco Hot Clips Clips to Go,Flat Face Poster Frame,2
"Eldon Expressions Punched Metal & Wood Desk Accessories, Black & Cherry",GBC DocuBind TL300 Electric Binding System,2
Anker Astro 15000mAh USB Portable Charger,GBC Prestige Therm-A-Bind Covers,2
Carina Double Wide Media Storage Towers in Natural & Black,GBC Wire Binding Combs,2
Cisco SPA508G,Global Commerce Series High-Back Swivel/Tilt Chairs,2
GBC Standard Therm-A-Bind Covers,Google Nexus 5,2
Advantus Rolling Storage Box,Great White Multi-Use Recycled Paper (20Lb. and 84 Bright),2
GBC Plastic Binding Combs,Hon Valutask Swivel Chairs,2
Acco D-Ring Binder w/DublLock,I Needs 3d Hello Kitty Hybrid Silicone Case Cover for HTC One X 4g with 3d Hello Kitty Stylus Pen Green/pink,2
GBC VeloBinder Manual Binding System,Insertable Tab Post Binder Dividers,2
Logitech 910-002974 M325 Wireless Mouse for Web Scrolling,Logitech G19 Programmable Gaming Keyboard,2
Avery 486,Logitech G35 7.1-Channel Surround Sound Headset,2
Avery Recycled Flexi-View Covers for Binding Systems,Lumber Crayons,2
Acme Value Line Scissors,Memorex Mini Travel Drive 64 GB USB 2.0 Flash Drive,2
Boston 16765 Mini Stand Up Battery Pencil Sharpener,Microsoft Natural Ergonomic Keyboard 4000,2
Acco Hanging Data Binders,Newell 315,2
Avery 505,"OIC #2 Pencils, Medium Soft",2
Eldon Wave Desk Accessories,OIC Binder Clips,2
"GBC Standard Recycled Report Covers, Clear Plastic Sheets",OSullivan 4-Shelf Bookcase in Odessa Pine,2
Hon Rectangular Conference Tables,Plantronics CS510 - Over-the-Head monaural Wireless Headset System,2
Eldon Wave Desk Accessories,Poly Designer Cover & Back,2
"DAX Value U-Channel Document Frames, Easel Back",Recycled Easel Ring Binders,2
Avanti 1.7 Cu. Ft. Refrigerator,"RSVP Cards & Envelopes, Blank White, 8-1/2"" X 11"", 24 Cards/25 Envelopes/Set",2
Belkin Premiere Surge Master II 8-outlet surge protector,SAFCO Optional Arm Kit for Workspace Cribbage Stacking Chair,2
Cisco SPA301,"Seth Thomas 8 1/2"" Cubicle Clock",2
Logitech G19 Programmable Gaming Keyboard,"Square Credit Card Reader, 4 1/2"" x 4 1/2"" x 1"", White",2
Hon 4700 Series Mobuis Mid-Back Task Chairs with Adjustable Arms,Staple envelope,2
Newell 34,Staple envelope,2
Anker 36W 4-Port USB Wall Charger Travel Power Adapter for iPhone 5s 5c 5,Staples,2
Hon Olson Stacker Chairs,Staples,2
KI Adjustable-Height Table,Staples,2
"Square Credit Card Reader, 4 1/2"" x 4 1/2"" x 1"", White",Staples,2
Logitech VX Revolution Cordless Laser Mouse for Notebooks (Black),Tennsco Industrial Shelving,2
KI Adjustable-Height Table,Toshiba IPT2010-SD IP Telephone,2
GBC Recycled VeloBinder Covers,Wilson Jones Active Use Binders,2
"Wirebound Message Books, Four 2 3/4"" x 5"" Forms per Page, 600 Sets per Book",Xerox 1882,2
Staple envelope,Xerox 1971,2
Xerox 1894,Xerox 225,2
Xerox 192,X-Rack File for Hanging Folders,2
Acco D-Ring Binder w/DublLock,"Anker Ultrathin Bluetooth Wireless Keyboard Aluminum Cover with Stand ",1
Advantus Push Pins,"Angle-D Binders with Locking Rings, Label Holders",1
14-7/8 x 11 Blue Bar Computer Printout Paper,"Angle-D Binders with Locking Rings, Label Holders",1
Ampad #10 Peel & Seel Holiday Envelopes,Anderson Hickey Conga Table Tops & Accessories,1
"Acco Flexible ACCOHIDE Square Ring Data Binder, Dark Blue, 11 1/2"" X 14"" 7/8""","Ampad Phone Message Book, Recycled, 400 Message Capacity, 5 ¾” x 11”",1
"Acco Pressboard Covers with Storage Hooks, 9 1/2"" x 11"", Executive Red","Ampad Gold Fibre Wirebound Steno Books, 6"" x 9"", Gregg Ruled",1
