Supplier,supplier_id
Australian Liquor Market (ALM),11ef9fa9e843adaa94dd0acdfb026a8f
S&P Liquor,11ef9fa9e843e202b6660acdfb026a8f
Edgemill,11efff0e37eabe70afd002734672a5a9
EWT Cub,11ef9fa9e843da8c913d0acdfb026a8f
CUB Pty Ltd,11ef9fa9e843b4d0902a0acdfb026a8f
Sunny Trading,11ef9fa9e843df009fed0acdfb026a8f
Andrew,11ef9fa9e843d35c8ded0acdfb026a8f
HB CUB,11f0088717d9d9f4a8f302d4f8f06bd1
Tru Cellars,11ef9fa9e843e45aadfc0acdfb026a8f
Pernod Ricard Australia,11ef9fa9e843c4acae640acdfb026a8f
Tobacco Station East Keilor,11ef9fa9e843ca6085470acdfb026a8f
Bottle O Endeavour Hills,11f04010fb4b96c6be6606cacd9586df
Sun Liquor Wholesale Pty Ltd,11ef9fa9e843c7f4970b0acdfb026a8f
1. HO Liquor West - Wholesale,11efa0029080d404ba750288780c0f59
THIRSTY CAMEL MARIBYRNONG,11f04b66ff1ad08aae10060575f814cd
Michael Jones,11ef9fa9e843be80b5b60acdfb026a8f
Liquor West,11ef9fa9e843df5a969b0acdfb026a8f
LaraCUB,11efb09640ed7d948092061bcde049eb
CUB,11efb12b8bbef81c8c30061bcde049eb
BERETTA'S LIQUOR AUSTRALIA,11ef9fa9e843b1c497300acdfb026a8f
Bto Cub,11ef9fa9e843da3290df0acdfb026a8f
BOOZOOM PTY LTD,11ef9fa9e843b2c892b10acdfb026a8f
Boozoom Sunbury,11efd2f636d79d44b997029c05a67259
Hellenic Wine & Spirits,11ef9fa9e843cfecb6820acdfb026a8f
Coca Cola Amatil Pty Ltd,11ef9fa9e843b426bb040acdfb026a8f
Coca Cola Europacific Partners,11ef9fa9e843d4b0a9590acdfb026a8f
Woolworths,11ef9fa9e843e158b9a40acdfb026a8f
Costco Australia,11ef9fa9e843e9aaa1ed0acdfb026a8f
Coles,11eff991b4d6ef08b68d025ff4454671
Coca Cola Amatil,11efb19b58b8cd389cf0061bcde049eb
Coles,11eff991b28e1230b64c0640ea0d136f
Aldi,11ef9fa9e843d884b6150acdfb026a8f
Wtt Global Trading ,11ef9fa9e843d618802b0acdfb026a8f
Panka,11f01129d868908e8bed022edc49ec47
PMD Liquor PTE Ltd,11efe500942c45f095e706ae372db441
Bottlemart Ravenhall,11efa0029af97bcaa02f0288780c0f59
Accredited Distributors Pty Ltd (Snack),11ef9fa9e843b00cbe940acdfb026a8f
HARRY BROWN FERNTREE GULLY ,11f04fe910cf7b928efc0a23f75e0de5
Meditrina Trust,11ef9fa9e843e658be780acdfb026a8f
Zedotron Imports Pty Ltd,11ef9fa9e843cddaa2b60acdfb026a8f
Lion Beer Spirits & Wine Pty Ltd,11ef9fa9e843bc8c814f0acdfb026a8f
Mayfair Wholesale Liquor,11ef9fa9e843b7fa8b7b0acdfb026a8f
Nicholas Cash,11ef9fa9e843dd98a5eb0acdfb026a8f
Australian Vintage Pty Ltd,11efddd4e08ddc0cb44b06f74c878013
AFFS International Pty Ltd,11f07e458117d0688800028625842ddb
Scotchmans Hill,11ef9fa9e843c56095ea0acdfb026a8f
Dan Murphy's,11ef9fa9e843dcee96890acdfb026a8f
Crown Geo,11ef9fa9e843ea04b1760acdfb026a8f
Arctic Ice,11ef9fa9e843b066823e0acdfb026a8f
Moet Hennessy Australia,11ef9fa9e843bfdea3b70acdfb026a8f
Beef Jerky,11ef9fa9e843dbf48ff90acdfb026a8f
Heron Beverages,11ef9fa9e843ba169d220acdfb026a8f
Buller Wines Pty Ltd,11ef9fa9e843b37c99060acdfb026a8f
No Name,11ef9fa9e843e8568b200acdfb026a8f
ACCOLADE WINES AUSTRALIA LIMITED,11ef9fa9e843afa8a9210acdfb026a8f
Vinarchy Australia Limited,11f0306c252e24cc929a0a29d5ebdf3f
Oatley Fine Wine Merchants,11ef9fa9e843d154a2f20acdfb026a8f
Samuel Smith And Son,11ef9fa9e843d2b286af0acdfb026a8f
Mansarovar Pty Ltd,11ef9fa9e843bde09e710acdfb026a8f
Negro International,11ef9fa9e843d0faaef20acdfb026a8f
I Like Wine,11ef9fa9e843bb7e989e0acdfb026a8f
Co Nga,11ef9fa9e843d776a7b10acdfb026a8f
Diageo,11f020ef816cc52cae6c06046eef5e6f
BTO ST ALBANS,11f03153d875bddcb7510271f4790011
Paramount Liquor,11ef9fa9e843ac069aed0acdfb026a8f
Geo Sang Global Pty Ltd,11ef9fa9e843b962a7d40acdfb026a8f
Liquor Mill Pty Ltd,11ef9fa9e843bd36879a0acdfb026a8f
Green Carbon,11efcbd2ae117fc28f3902c93a2337ad
Unwined Liquor,11ef9fa9e843cbbeaeb10acdfb026a8f
Tae Han Food Import & Export,11eff7d16229736ebc7206f8d6a4c12d
Monta Foods,11ef9fa9e843c042a81f0acdfb026a8f
Sun Road Food and Beverage - Melbourne,11ef9fa9e843c84eb9b20acdfb026a8f
Lychee Gold Pty Ltd,11ef9fa9e843bd90886d0acdfb026a8f
TLGI Pty Ltd,11ef9fa9e843ca06894a0acdfb026a8f
SinghAus Beverage Solutions,11ef9fa9e843c614ac6b0acdfb026a8f
Hop Nation Brewing Co,11ef9fa9e843ba7ab9220acdfb026a8f
Bright Brewery Australia,11ef9fa9e843b32283240acdfb026a8f
FATV Jerky,11ef9fa9e843e1b2880c0acdfb026a8f
3099 Jerky,11ef9fa9e843e6a8a9990acdfb026a8f
Weathertop Wines Pty Ltd,11ef9fa9e843e900b7d10acdfb026a8f
Thirsty Camel Braybrook,11efa002a4a0325e9b3906c046b7d17f
Kwind Pty Ltd,11ef9fa9e843ea54b2b20acdfb026a8f
Adoor Pty Ltd,11ef9fa9e843eaae9d260acdfb026a8f
Cheeky Foods,11efc40edc2c96b0a69406ef2f116399
Joval Wines,11ef9fa9e843bbd885d30acdfb026a8f
Blackman Brewing,11ef9fa9e843b21e936c0acdfb026a8f
Alepat Taylor,11f03086aa705c3089cd0a6b24da1c53
La Sirene Pty. Ltd,11f03c2315e33756a1420211a5e39117
Calabria Family Wines,11ef9fa9e843e8069b3c0acdfb026a8f
Bottle O Officer,11f04cee195cbb9ca07a06cc52643bdd
Lotus VN Pty Ltd,11f04db4b3b5b39482ef06f3124d888b
TSG Flinders Street,11ef9fa9e843cabaab590acdfb026a8f
